,original/acc,original/brier,original/ll,original/ece
0,0.9764000177383423,0.039094679057598114,-0.08692283928394318,0.026476808
