,original/acc,original/brier,original/ll,original/ece
0,0.9750000238418579,0.039745185524225235,-0.08751494437456131,0.026114097
