,original/acc,original/brier,original/ll,original/ece
0,0.9753999710083008,0.03975413367152214,-0.08731064200401306,0.025352972
