,original/acc,original/brier,original/ll,original/ece
0,0.9757000207901001,0.039425428956747055,-0.08584289252758026,0.024964206
