,original/acc,original/brier,original/ll,original/ece
0,0.975600004196167,0.04013090208172798,-0.08639056980609894,0.026115252
